first_name,last_name,password
Hercule,Bearham,Tech$20242025!
Madelaine,Brookwood,Tech$20242025!
Karoly,Wallbank,Tech$20242025!
Lin,Tattershaw,Tech$20242025!
Kain,Galpen,Tech$20242025!
Laurena,Mussalli,Tech$20242025!
Skyler,Pietrowicz,Tech$20242025!
Ashbey,Christoffels,Tech$20242025!
Maurie,Gallant,Tech$20242025!
Vale,Newlan,Tech$20242025!
Carley,Heinsius,Tech$20242025!
Merry,Kingsnod,Tech$20242025!
Eyde,Axcell,Tech$20242025!
Lou,Veryard,Tech$20242025!
Amerigo,Altofts,Tech$20242025!
Margaux,Quincee,Tech$20242025!
Conrad,Iacovelli,Tech$20242025!
Addy,Bruckent,Tech$20242025!
Tammy,Mac Giolla Pheadair,Tech$20242025!
Connor,Painter,Tech$20242025!
Joyann,Maulkin,Tech$20242025!
Winne,Andreasson,Tech$20242025!
Jarrod,Vigrass,Tech$20242025!
Kristoffer,Errol,Tech$20242025!
Jessi,Gehring,Tech$20242025!
Glyn,Edrich,Tech$20242025!
Chick,Boydon,Tech$20242025!
Dreddy,Flinn,Tech$20242025!
Minette,Baudinot,Tech$20242025!
Karoly,Jahnel,Tech$20242025!
Keefe,Duckhouse,Tech$20242025!
Catharine,Dabner,Tech$20242025!
Tanny,Landells,Tech$20242025!
Ricard,Stodit,Tech$20242025!
Dyanne,Brodley,Tech$20242025!
Thane,Leivesley,Tech$20242025!
Pearl,Giacomi,Tech$20242025!
Millard,De Morena,Tech$20242025!
Meris,MacDonald,Tech$20242025!
Tommy,Lukesch,Tech$20242025!
Vicky,Spohr,Tech$20242025!
Sadie,Pracy,Tech$20242025!
Arabel,Hurdman,Tech$20242025!
Bond,Crumley,Tech$20242025!
Laurice,Sabbatier,Tech$20242025!
Twila,McLernon,Tech$20242025!
Kleon,Wathell,Tech$20242025!
Bellanca,Ropars,Tech$20242025!
Tandy,Isakson,Tech$20242025!
Herve,Baudacci,Tech$20242025!
Neda,Shakeshaft,Tech$20242025!
Yettie,Ughini,Tech$20242025!
Nealy,Cordell,Tech$20242025!
Sherwin,Yukhtin,Tech$20242025!
Peta,Trevains,Tech$20242025!
Myrle,Bullar,Tech$20242025!
Vaughn,Wales,Tech$20242025!
Vin,Laingmaid,Tech$20242025!
Heloise,Ortiga,Tech$20242025!
Hulda,Oldred,Tech$20242025!
Rab,Haisell,Tech$20242025!
Darill,Grundon,Tech$20242025!
Clemente,Phelan,Tech$20242025!
Gibb,Whewill,Tech$20242025!
Dermot,Eubank,Tech$20242025!
Randie,Stair,Tech$20242025!
Rosita,Schuck,Tech$20242025!
Kurt,Barrowcliff,Tech$20242025!
Zandra,Sink,Tech$20242025!
Elvyn,Demange,Tech$20242025!
Dorena,Kuzemka,Tech$20242025!
Clarence,Scoles,Tech$20242025!
Queenie,Choffin,Tech$20242025!
Stepha,Aldgate,Tech$20242025!
Burlie,Goff,Tech$20242025!
Keen,Minihan,Tech$20242025!
Thebault,Fleisch,Tech$20242025!
Joya,Jenney,Tech$20242025!
Hamid,Drepp,Tech$20242025!
Neal,Eloy,Tech$20242025!
Daron,Dungay,Tech$20242025!
Pippo,Dietmar,Tech$20242025!
Giovanna,Chinnock,Tech$20242025!
Fair,Boram,Tech$20242025!
Hedwiga,Cowitz,Tech$20242025!
Pansie,Mell,Tech$20242025!
Fran,Venn,Tech$20242025!
Chrissie,Claringbold,Tech$20242025!
Emelyne,Bradbrook,Tech$20242025!
Herold,Havile,Tech$20242025!
Noni,Lascell,Tech$20242025!
Bartholemy,Wedgbrow,Tech$20242025!
Fidel,MacMenemy,Tech$20242025!
Claudian,Bisgrove,Tech$20242025!
Lise,Kenion,Tech$20242025!
Kathleen,Corwood,Tech$20242025!
Stanleigh,Rablen,Tech$20242025!
Jerrold,Dendle,Tech$20242025!
Tani,Northleigh,Tech$20242025!
Sanders,Elliman,Tech$20242025!
Janene,MacGaughey,Tech$20242025!
Janaya,Kall,Tech$20242025!
Claudianus,Udell,Tech$20242025!
Murry,Vallens,Tech$20242025!
Clementina,Gossart,Tech$20242025!
Leontyne,Kharchinski,Tech$20242025!
Sander,Oseman,Tech$20242025!
Norman,Tappor,Tech$20242025!
Rozalie,Kellie,Tech$20242025!
Rosabella,Fetherston,Tech$20242025!
Danny,Strand,Tech$20242025!
Odilia,Verbrugghen,Tech$20242025!
Tobiah,Barby,Tech$20242025!
Dex,Petras,Tech$20242025!
Ev,Demangeon,Tech$20242025!
Hussein,Thyer,Tech$20242025!
Juliet,McKechnie,Tech$20242025!
Orlando,Gillson,Tech$20242025!
Susanna,Reinisch,Tech$20242025!
Rutledge,Kiddell,Tech$20242025!
Ivonne,Cluet,Tech$20242025!
Natassia,Korneichik,Tech$20242025!
Johnathon,Calven,Tech$20242025!
Mortie,McKinn,Tech$20242025!
Roshelle,Hindge,Tech$20242025!
Oliviero,Houseman,Tech$20242025!
Aylmar,Brandino,Tech$20242025!
Shoshana,Vaud,Tech$20242025!
Silvano,Kidsley,Tech$20242025!
Louisa,Hunnaball,Tech$20242025!
Ruttger,Packham,Tech$20242025!
Vincent,Horlock,Tech$20242025!
Dan,Dowrey,Tech$20242025!
Josie,Stollenhof,Tech$20242025!
Catina,Scampion,Tech$20242025!
Bethany,Schwartz,Tech$20242025!
Kathleen,Peerman,Tech$20242025!
Mandy,Huffadine,Tech$20242025!
Wanids,Gliddon,Tech$20242025!
Carissa,Sam,Tech$20242025!
Aubine,Minette,Tech$20242025!
Bob,Espinheira,Tech$20242025!
Carlin,Ioselevich,Tech$20242025!
Lin,Sorrill,Tech$20242025!
Raimondo,Featenby,Tech$20242025!
Janela,Bilney,Tech$20242025!
Hilarius,Shurlock,Tech$20242025!
Bailie,Fawthrop,Tech$20242025!
Clare,Pennetta,Tech$20242025!
Malissia,Kerrey,Tech$20242025!
Imojean,Allitt,Tech$20242025!
Orrin,Tither,Tech$20242025!
Gardie,Tott,Tech$20242025!
Reinaldo,Acedo,Tech$20242025!
Brittan,Corradino,Tech$20242025!
Stefania,Kull,Tech$20242025!
Ancell,Weatherhogg,Tech$20242025!
Orelia,Kender,Tech$20242025!
Aliza,Greschik,Tech$20242025!
Andrea,Gillibrand,Tech$20242025!
Gabby,Marshallsay,Tech$20242025!
Charlean,Scafe,Tech$20242025!
Rafa,Breewood,Tech$20242025!
Karim,Bessom,Tech$20242025!
Esma,Stoyle,Tech$20242025!
Bud,Riste,Tech$20242025!
Lindsay,Gaythwaite,Tech$20242025!
Tyne,Williams,Tech$20242025!
Rheba,Heathwood,Tech$20242025!
Clemens,Woodison,Tech$20242025!
Ingamar,Riddick,Tech$20242025!
Shawn,Swire,Tech$20242025!
Korry,Iacovazzi,Tech$20242025!
Angelo,Martinetto,Tech$20242025!
Clerissa,Stears,Tech$20242025!
Cilka,Leipoldt,Tech$20242025!
Cirstoforo,Arrell,Tech$20242025!
Odilia,Sweetsur,Tech$20242025!
Dayle,Grason,Tech$20242025!
Alysa,Pariso,Tech$20242025!
Lodovico,Undy,Tech$20242025!
Lauritz,Boteman,Tech$20242025!
Kylie,Yakutin,Tech$20242025!
Annice,Vasyutin,Tech$20242025!
Davy,Prisley,Tech$20242025!
Basilio,Scritch,Tech$20242025!
Jeannette,McClenaghan,Tech$20242025!
Davis,Jillard,Tech$20242025!
Henry,Althorpe,Tech$20242025!
Lazarus,Sallery,Tech$20242025!
Caressa,Yemm,Tech$20242025!
Bambie,Scollick,Tech$20242025!
Anette,Dorling,Tech$20242025!
Terrie,Cockshoot,Tech$20242025!
Llywellyn,Coldtart,Tech$20242025!
Janaya,Bohden,Tech$20242025!
Gail,Cadle,Tech$20242025!
Shayne,Roswarn,Tech$20242025!
Phedra,Blenkin,Tech$20242025!
Manuel,Johnsson,Tech$20242025!
